ImageNumber,ObjectNumber,AreaShape_Area,AreaShape_Center_X,AreaShape_Center_Y,AreaShape_Compactness,AreaShape_Eccentricity,AreaShape_EulerNumber,AreaShape_Extent,AreaShape_FormFactor,AreaShape_MajorAxisLength,AreaShape_MaxFeretDiameter,AreaShape_MaximumRadius,AreaShape_MeanRadius,AreaShape_MedianRadius,AreaShape_MinFeretDiameter,AreaShape_MinorAxisLength,AreaShape_Orientation,AreaShape_Perimeter,AreaShape_Solidity,Children_Cytoplasm_Count,Intensity_IntegratedIntensityEdge_CropBlue,Intensity_IntegratedIntensity_CropBlue,Intensity_LowerQuartileIntensity_CropBlue,Intensity_MADIntensity_CropBlue,Intensity_MassDisplacement_CropBlue,Intensity_MaxIntensityEdge_CropBlue,Intensity_MaxIntensity_CropBlue,Intensity_MeanIntensityEdge_CropBlue,Intensity_MeanIntensity_CropBlue,Intensity_MedianIntensity_CropBlue,Intensity_MinIntensityEdge_CropBlue,Intensity_MinIntensity_CropBlue,Intensity_StdIntensityEdge_CropBlue,Intensity_StdIntensity_CropBlue,Intensity_UpperQuartileIntensity_CropBlue,Location_CenterMassIntensity_X_CropBlue,Location_CenterMassIntensity_Y_CropBlue,Location_Center_X,Location_Center_Y,Location_MaxIntensity_X_CropBlue,Location_MaxIntensity_Y_CropBlue,Number_Object_Number,Parent_Nuclei,Texture_AngularSecondMoment_CropBlue_3_0,Texture_Contrast_CropBlue_3_0,Texture_Correlation_CropBlue_3_0,Texture_DifferenceEntropy_CropBlue_3_0,Texture_DifferenceVariance_CropBlue_3_0,Texture_Entropy_CropBlue_3_0,Texture_Gabor_CropBlue_3,Texture_InfoMeas1_CropBlue_3_0,Texture_InfoMeas2_CropBlue_3_0,Texture_InverseDifferenceMoment_CropBlue_3_0,Texture_SumAverage_CropBlue_3_0,Texture_SumEntropy_CropBlue_3_0,Texture_SumVariance_CropBlue_3_0,Texture_Variance_CropBlue_3_0
1,1,497,132.0,30.0,1.1649179157344809,0.79577467207591357,1.0,0.64129032258064511,0.58313549697791778,32.873216079250071,32.449961479175904,9.2195444572928871,3.7264028558351785,3.1622776601683795,20.998048308994939,19.907783835450136,-29.467553709503843,103.49000000000004,0.8882931188561215,1,5.3411766430363059,55.215687610208988,0.039215687662363052,0.066666670143604279,3.1140905796468088,0.12156862765550613,0.27843138575553894,0.045651082419113725,0.11109796299840843,0.10588235408067703,0.0,0.0,0.033911281224431093,0.075952031785429003,0.17254902422428131,134.61676136107138,28.259517056877197,132.91146881287727,30.865191146881287,133.0,28.0,1,1,0.053956916099773253,1.4142857142857146,0.84794376616225819,1.1646469514855711,0.73562358276643991,3.3127765559351214,2.2910695733081941,-0.34645036704521381,0.86732648466333673,0.64579831932773102,8.0428571428571427,2.584692708627959,17.145782312925167,4.740470521541952
1,2,1058,85.0,49.0,1.0156590379551149,0.46608434462343967,1.0,0.71972789115646263,0.72017094411231986,39.180263727499444,41.593268686170845,16.763054614240211,6.0753366360732137,5.3851648071345037,33.332354725696071,34.664357957812015,20.597198146782613,135.87200000000001,0.92280854775403387,1,1.160784371662885,62.772550846450031,0.0078431377187371254,0.011764706578105688,3.1924555050540286,0.039215687662363052,0.3333333432674408,0.0074889314300831287,0.059331333503260898,0.015686275437474251,0.0039215688593685627,0.0039215688593685627,0.0062581658379434546,0.079756703580936991,0.086274512112140656,87.229899415004738,47.510214287000025,84.580340264650289,49.291115311909266,91.0,43.0,2,2,0.34082824306193071,1.6869747899159664,0.76422454046491128,1.1219049471091296,1.21504042793588,2.2213463538377405,1.9722562336076728,-0.28607347708202252,0.7246449288843414,0.74800061763729597,4.344537815126051,1.7231327733231938,12.622890332603633,3.580286526375255
1,3,692,31.0,45.0,1.10894526626075,0.68654715787641962,1.0,0.5580645161290323,0.57277195658688174,35.771866228157251,39.0,12.0,4.484848494306191,4.0,25.23076923076923,26.009197264855107,-18.777449826534752,123.21600000000005,0.87208569628229371,1,1.6588235967792571,30.035295073874295,0.0078431377187371254,0.0078431372530758381,5.4124739137892517,0.074509806931018829,0.24705882370471954,0.011848739976994694,0.04340360559808424,0.011764706112444401,0.0039215688593685627,0.0039215688593685627,0.012226850954958195,0.053953822763462354,0.070588238537311554,25.364146782044195,46.57905730852454,30.611271676300579,45.251445086705203,21.0,51.0,3,3,0.30877777777777787,1.6516666666666664,0.72790164328575602,1.1162278481580798,1.1732638888888889,2.2099314516764141,2.0315860352373116,-0.30268459270579534,0.74456318214953254,0.73957329501447155,4.2816666666666672,1.7422523844652644,10.478997222222221,3.0210666666666666
1,4,598,10.0,64.0,1.0672269792749827,0.317961957037802,1.0,0.66518353726362622,0.68919746325483733,29.279181191775201,34.985711369071801,12.083045973594572,5.0170780838647318,4.4721359549995796,27.5625301688167,27.75969334922657,-16.068255355734586,104.42000000000003,0.90196078431372551,1,3.243137345649302,58.11372692277655,0.019607843831181526,0.050980395637452602,2.4308318029710372,0.13333334028720856,0.3490196168422699,0.027958080565942258,0.097180145355813624,0.062745101749897003,0.0039215688593685627,0.0039215688593685627,0.029636420685992367,0.084865341225847227,0.18039216101169586,13.48444565002753,65.314528635294735,11.548494983277592,63.84448160535117,19.0,61.0,4,4,0.11215873100976174,2.2485322896281801,0.69952370727632329,1.3220854411308858,1.3771776302940015,2.9012331412608594,3.0726230503014174,-0.26306148058364331,0.77047367264536515,0.65120594804720522,6.013698630136985,2.2491201168519872,12.674959118569552,3.8189804726544399
1,5,611,42.0,65.0,1.1307846226715637,0.6853749204594286,1.0,0.56313364055299542,0.56212140374470954,33.930174535145312,35.171010790137949,11.045361017187261,4.1332397671099494,3.6055512754639891,25.210292015948799,24.707626429160506,-57.208561347602767,116.87200000000006,0.88040345821325638,1,2.5294118532910943,29.670589103829116,0.0078431377187371254,0.0078431377187371254,6.0816499504465389,0.086274512112140656,0.23921568691730499,0.019018134235271385,0.048560702297592663,0.015686275437474251,0.0039215688593685627,0.0039215688593685627,0.01802226193197546,0.055329948026130435,0.08235294371843338,41.140496969852229,71.423605572646835,42.811783960720128,65.576104746317512,40.0,74.0,5,5,0.28339100346020774,1.9196078431372547,0.73272010451074521,1.1546060940169416,1.2827412533640907,2.401757539921793,2.8721125444465421,-0.29935164535502495,0.76173325604002307,0.71036908881199534,4.6686274509803924,1.8416247810100876,12.398035371011151,3.5916032295271036
1,6,328,132.0,78.0,1.2045408027660245,0.79113758465162187,1.0,0.49696969696969695,0.45597591529927939,27.102551178753735,30.675723300355934,7.810249675906654,3.05247621056263,2.8284271247461903,16.739659979109977,16.576956381697073,33.437263589925998,95.076000000000036,0.80688806888068876,1,3.5686275698244572,25.984314514324069,0.023529412224888802,0.050980394706130028,1.297741933990324,0.10588235408067703,0.21960784494876862,0.034646869609946188,0.079220471080256302,0.070588238537311554,0.0078431377187371254,0.0078431377187371254,0.029746039976622739,0.057420181708386836,0.12941177189350128,133.09568367393175,78.522638100434193,132.73170731707316,79.768292682926827,130.0,78.0,6,6,0.059763313609467461,3.292307692307693,0.64816499579160836,1.4856538024900685,1.6222485207100592,3.290599799715757,5.0072174608048652,-0.27730507534942567,0.81211295863324451,0.5332753219631049,7.3076923076923084,2.4976657706829495,14.905325443786982,4.8269230769230758
1,7,464,56.0,79.0,1.3251166205519131,0.84395567765785451,1.0,0.54588235294117649,0.51282480807492337,34.895373289311621,33.241540277189323,8.2462112512353212,3.3834492934058771,3.0,19.905263429432978,18.718328866133994,-71.114301993352072,106.63000000000005,0.81978798586572443,1,7.0274511831812561,42.949020808096975,0.019607843831181526,0.054901964031159878,3.6552221842560892,0.20392157137393951,0.28235295414924622,0.057602058878534888,0.092562544845036579,0.066666670143604279,0.0039215688593685627,0.0039215688593685627,0.055774583765217552,0.080346596773894594,0.16078431904315948,58.865047481384082,79.042914529397294,58.823275862068968,75.387931034482762,57.0,83.0,7,7,0.11293925854365418,2.2472527472527473,0.80958016153870072,1.3361525186880454,1.2472527472527473,3.0386513309436869,4.6880232476038097,-0.34404963566043451,0.85697168026430182,0.62084680025856498,6.5439560439560456,2.3874688285872416,19.083232701364569,5.2629815239705353
1,8,595,76.0,80.0,1.0636649034097649,0.61287550124290546,1.0,0.60101010101010099,0.63645019579698803,31.524214861264209,32.756678708318397,11.313708498984761,4.3385881193687519,4.0,23.255106965997811,24.909787893254222,-63.619340939369565,108.38800000000006,0.88739746457867263,1,7.0156864812597632,60.00392306316644,0.031372550874948502,0.070588236674666405,3.2546024643064153,0.20000000298023224,0.23921568691730499,0.057038101473656615,0.10084692951792679,0.098039217293262482,0.0078431377187371254,0.0078431377187371254,0.052775310139448042,0.070347441773263561,0.17254902422428131,74.245408818536205,81.481079662493684,76.337815126050415,78.988235294117644,71.0,86.0,8,8,0.078039999999999998,0.94200000000000017,0.92833295847139596,1.0039224921451064,0.51950000000000007,2.9979759874519663,1.6185640063970042,-0.4933229290556056,0.92888088599502283,0.70419999999999994,7.9900000000000011,2.5264969955861893,21.741899999999998,5.6383159999999997
1,9,973,18.0,89.0,1.121473315002637,0.70981493660885753,1.0,0.64013157894736838,0.64293782624977824,43.095939564483828,47.434164902525687,13.601470508735444,5.9839382123186953,5.6568542494923806,32.24669063026117,30.356271892673512,-31.347080209670189,137.90400000000002,0.86952636282394991,1,5.9607844869606197,98.047061586286873,0.020588235929608345,0.043137255124747753,6.0015223157411324,0.12549020349979401,0.42352941632270813,0.039215687414214606,0.10076779196946235,0.054901961237192154,0.0039215688593685627,0.0039215688593685627,0.03048273791700595,0.1022720433603074,0.15686275064945221,23.342212611690872,84.925605957261226,17.70606372045221,86.987667009249748,27.0,83.0,9,9,0.20388495605485452,1.2269005847953216,0.8426171677486608,1.1064683137208156,0.73608152935946114,2.592843973551417,1.5560879107367012,-0.39387337380748011,0.8536784019687903,0.70233918128654971,5.1146198830409366,2.0781147847630042,14.31902602510174,3.93572860025307
1,10,417,45.0,94.0,1.0705814789949843,0.52092026030470784,1.0,0.51354679802955661,0.60937785240136455,25.682323992597397,28.460498941515414,9.4339811320566032,3.6133472130493276,3.1622776601683795,21.346813832691776,21.922568992862157,61.346959365474497,92.732000000000042,0.84412955465587047,1,7.9098041411489248,52.56078571639955,0.074509806931018829,0.043137259781360626,0.85094498656243278,0.16862745583057404,0.27843138575553894,0.072567010469256191,0.12604504967961522,0.13333334028720856,0.019607843831181526,0.019607843831181526,0.040110757404067374,0.057558426404205901,0.17254902422428131,44.291651129858167,93.894501236911012,45.081534772182252,94.211031175059958,42.0,89.0,10,10,0.058168508867206398,2.154078549848943,0.63159988660178279,1.2725953100380731,0.84301895747574407,3.2065289277677986,4.138679668687657,-0.20425968001575784,0.72567053533736858,0.52669273147325402,8.4199395770392762,2.4027054476718646,8.9867927455937799,2.3475689342010391
1,11,489,118.0,92.0,1.0372669033154069,0.39904747267624269,1.0,0.62372448979591832,0.76317481099213147,26.522040856279201,27.658633371878661,11.0,4.1815834525724043,3.6055512754639891,23.751007238169631,24.318862003877793,-89.851472973521354,89.732000000000042,0.91917293233082709,1,2.4980392996221781,33.615687196142972,0.023529412224888802,0.031372550874948502,1.053181180345975,0.047058824449777603,0.29803922772407532,0.023566408487001679,0.068743736597429383,0.050980392843484879,0.011764706112444401,0.011764706112444401,0.0083362432090743916,0.05230156146441526,0.10588235408067703,118.82757817623866,90.98833412556678,118.9918200408998,92.028629856850714,122.0,94.0,11,11,0.11697607072092671,1.8864197530864197,0.5516587462967093,1.2609804149919437,1.1137570492303004,2.6787546096092458,3.0794826851341077,-0.22107641932065553,0.69992253454830278,0.6527478911792638,4.7259259259259263,2.0770564162443459,6.5248834019204391,2.0770370370370368
1,12,267,158.0,94.0,1.1224655647892721,0.69937993597030546,1.0,0.64492753623188404,0.62481321159469272,22.526587910019906,24.596747752497688,7.6157731058639087,2.9934686057652411,2.8284271247461903,17.0,16.100880956809654,19.396958702129613,73.280000000000015,0.89447236180904521,1,2.4274510382674634,17.313725943211466,0.015686275437474251,0.027450981549918652,1.52082208423111,0.11372549086809158,0.26666668057441711,0.031940145240361359,0.064845415517645943,0.035294119268655777,0.0039215688593685627,0.0039215688593685627,0.035332532886591821,0.06071589068790223,0.10588235408067703,160.37780294884254,96.148810860581591,160.18352059925093,94.640449438202253,161.0,95.0,12,12,0.092497161324133062,3.52803738317757,0.50463762416355873,1.5307215100644347,1.7544108655777797,3.1123325758158664,5.4369780638605798,-0.17412173003535097,0.66945253547056616,0.53653528988878063,5.3971962616822422,2.27877273623462,10.716066905406585,3.5479299502139927
1,13,911,95.0,95.0,1.1928393351003597,0.76062026896131962,1.0,0.55958230958230959,0.487421412334959,44.12172663131421,43.382023926967726,12.041594578792296,4.7465357776605677,4.2426406871192848,34.645820506681225,28.643694658376734,-73.358616660164657,153.25399999999993,0.77730375426621157,1,7.2666668947786093,92.647061373107135,0.047058824449777603,0.052941178902983665,3.210677497375825,0.16078431904315948,0.24313725531101227,0.04176245341826787,0.10169820128771365,0.10588235408067703,0.0039215688593685627,0.0039215688593685627,0.035105317005914745,0.059837007350510917,0.15294118225574493,96.691724859927447,91.618666663058022,97.746432491767294,88.586169045005491,100.0,96.0,13,13,0.035574842392586813,2.1332470892626132,0.72459578223385934,1.2934774069497779,0.86361666128338554,3.5270199169464744,1.3756886172882712,-0.22204998484749133,0.76533682430624972,0.53616163153489083,8.2496765847348001,2.5843960146614138,13.346458498248621,3.7958458919985474
1,14,913,70.0,107.0,1.0432331868410247,0.58537331093994693,1.0,0.65494978479196553,0.62176360325342028,38.263364684249815,40.11234224026316,14.866068747318506,5.4253198236000664,5.0,30.410524493997141,31.022554431552653,17.014403232385025,135.84000000000006,0.91620672353236332,1,9.011764956638217,140.97647470980883,0.074509806931018829,0.070588238537311554,0.64978641881987065,0.13725490868091583,0.38823530077934265,0.05814041907508527,0.15441015849924297,0.14117647707462311,0.019607843831181526,0.019607843831181526,0.031878117107485074,0.090780851480659744,0.21960784494876862,69.149378293721256,106.91165261069122,69.253012048192772,107.55312157721796,67.0,102.0,14,14,0.042111230119743742,1.4882571075401729,0.80291480805989468,1.1847688908715925,0.76081047425364523,3.4145235368136277,2.0710019886982942,-0.26841795779046057,0.80841499735398792,0.63638478877335858,7.357231149567367,2.5855098916516193,13.564598513936996,3.8590883463385497
1,15,260,36.0,108.0,1.1446718861176453,0.78534313384746768,1.0,0.62200956937799046,0.75941901149916213,23.459842492733525,23.259406699226016,6.7082039324993694,2.9695392086425958,2.8284271247461903,13.435028842544403,14.523066739674022,37.45578065025127,65.592000000000027,0.93862815884476536,1,4.7372550461441278,25.203922243788838,0.039215687662363052,0.054901961237192154,1.2758970826084799,0.17254902422428131,0.22352941334247589,0.060734039053129844,0.096938162476110923,0.090196080505847931,0.015686275437474251,0.015686275437474251,0.049348295640745402,0.060316158669045883,0.14901961386203766,35.41232300933536,105.09164462763123,35.03846153846154,106.31153846153846,38.0,105.0,15,15,0.035307821107039714,3.3349753694581281,0.70946767278560019,1.4486617711095005,1.1944478147977384,3.6119489664387077,5.3132823847069393,-0.21735475940310042,0.76888852613700343,0.45079687047232692,8.0246305418719199,2.6688682075028236,17.797422893057345,5.4737071998835196
1,16,775,137.0,107.0,1.0698964291371493,0.62459666135913239,1.0,0.73529411764705888,0.72067687551339632,36.230109763082901,38.832975677895199,13.416407864998739,5.0357098762110848,4.4721359549995796,29.557063453597685,28.293813942573355,-64.205348893704709,116.24800000000005,0.92925659472422062,1,2.5411765594035387,65.784315662458539,0.026470588520169258,0.043137252330780029,1.9547377978972131,0.035294119268655777,0.35686275362968445,0.019547511995411836,0.084882987951559408,0.062745101749897003,0.0078431377187371254,0.0078431377187371254,0.0083824337597986961,0.078827517978018444,0.11372549086809158,136.11081967705707,106.24160954215495,138.01290322580644,105.79096774193549,133.0,105.0,16,16,0.10704834038761417,1.4716417910447763,0.77474466484074611,1.1782488131625513,0.78793495210514597,2.8955367875346636,1.7940378563583015,-0.26694014175341652,0.7685783132356202,0.650412642669008,5.0776119402985076,2.2285862328775279,11.593976386723099,3.2756872354644693
1,17,923,1.0,119.0,1.0540441772711071,0.38763327142710574,1.0,0.75408496732026142,0.7325133781525407,36.604161098788794,40.224370722237531,17.0,7.0079329539211779,6.4031242374328485,33.0,33.742216172740896,-41.377812160821691,125.83400000000005,0.94569672131147542,1,2.6352942050434649,65.603923399932683,0.015686275437474251,0.027450981549918652,3.376648006042271,0.050980392843484879,0.3333333432674408,0.019377163272378418,0.071076840086600951,0.039215687662363052,0.0039215688593685627,0.0039215688593685627,0.012205920400811985,0.073990059709655845,0.10980392247438431,17.034610559821012,116.69334688764194,13.970747562296857,118.11267605633803,23.0,113.0,17,17,0.20437451941560938,1.392156862745098,0.79346854417271917,1.1306060089852012,0.91103782199154171,2.5782703162670471,3.3564110014397728,-0.29924103097938692,0.77494973544074974,0.71804187738443781,4.6789215686274508,2.018157125227551,12.083183150711264,3.3505607819108039
1,18,765,164.0,117.0,1.0881003046517861,0.67910869708989996,1.0,0.66233766233766234,0.63463577921873382,37.128671564333885,42.01190307520001,12.806248474865697,4.7791525107825574,4.1231056256176606,27.496063573979878,27.2538455014809,49.699389664663371,123.07600000000005,0.88032220943613348,1,4.4666667971760035,47.403922820463777,0.011764706112444401,0.03725490253418684,3.0921819561870167,0.12156862765550613,0.23137255012989044,0.032134293504863333,0.061965912183612783,0.045098040252923965,0.0039215688593685627,0.0039215688593685627,0.033848803288326033,0.053658649511423524,0.10588235408067703,166.74950363914195,113.97220385467075,164.84444444444443,116.4078431372549,168.0,116.0,18,18,0.13713463074560395,1.4750378214826019,0.79699784830003362,1.1854059666615422,0.82970147921477777,2.8346526803316321,2.000654787524256,-0.30477421591552967,0.80567096489478052,0.66486606745572663,5.5960665658093802,2.2191448679415378,12.851966373783819,3.6579244302745813
1,19,605,97.0,120.0,1.1599270212281971,0.76085574085908714,1.0,0.61359026369168357,0.57512991378328127,35.482569735195916,36.715119501371639,10.63014581273465,4.1000379519648513,3.6055512754639891,26.295363732912193,23.025386750150748,-31.49436807166693,114.97400000000005,0.84438241451500351,1,10.556863076984882,71.925492208451033,0.059803922660648823,0.05098038911819458,0.6988610793448039,0.18431372940540314,0.27450981736183167,0.081836147883603744,0.11888511108834882,0.12941177189350128,0.015686275437474251,0.015686275437474251,0.051322714889539128,0.061050838747577801,0.16862745583057404,99.821710896155437,116.6747723620641,99.299173553719015,117.13884297520661,102.0,120.0,19,19,0.068919646289888503,0.76470588235294124,0.8915417708248724,0.91205535077819411,0.39044982698961939,2.9295634547592631,1.4669019045334395,-0.43049251383067672,0.89465359559371449,0.7094117647058823,7.7372549019607835,2.4434138684210063,13.205474817377933,3.4734678969627075
1,20,1058,43.0,131.0,1.0729542950057194,0.63754417164289301,1.0,0.52350321622958929,0.59626085934958417,42.59050815352429,47.074409183759279,15.0,5.6687487566749448,5.0,32.062223985502811,32.812315395609616,-42.741397763331896,149.32399999999996,0.88424571667363139,1,5.4352942714467645,98.894120297860354,0.023529412224888802,0.058823533356189728,2.9714007651910208,0.12156862765550613,0.36862745881080627,0.031600548089806772,0.093472703495142112,0.08235294371843338,0.0039215688593685627,0.0039215688593685627,0.0304871335954209,0.073908412035898707,0.14901961386203766,45.766991830115387,127.92858276888796,44.445179584120986,130.5897920604915,39.0,123.0,20,20,0.10816736028537452,1.1745689655172413,0.76656205634825925,1.080811516628156,0.70487143281807385,2.7873117847665441,1.6597203271810772,-0.32617455362048425,0.81716508871140536,0.70399730847246067,5.4073275862068968,2.2046667824687476,8.8405497547562426,2.5705157086058259
1,21,438,119.0,123.0,1.2211351910925119,0.57204643702344571,1.0,0.47402597402597402,0.52824657276748577,28.566636589184174,33.526109228480422,8.6023252670426267,3.3222698416895917,2.8284271247461903,25.669909666671639,23.430961935033544,76.701462853010227,102.07600000000005,0.78565022421524666,1,9.8117649666965008,50.427452236413956,0.058823529630899429,0.050980396568775177,2.1117516095282713,0.19607843458652496,0.29411765933036804,0.083150550565224579,0.11513116948952958,0.10588235408067703,0.015686275437474251,0.015686275437474251,0.055284146521036963,0.065715761557139638,0.16862745583057404,117.3189983646912,124.74896959647077,119.0730593607306,123.5730593607306,116.0,127.0,21,21,0.056903114186851206,1.8470588235294116,0.76488676765779606,1.2038727829330176,0.81145328719723175,3.2048234614764604,2.675391260505227,-0.33082297907843705,0.85077415822421398,0.57026883151450625,7.3941176470588248,2.516173512890187,11.503494809688583,2.8271972318339103
1,22,267,113.0,137.0,1.397266246688426,0.87249923284352893,1.0,0.63571428571428568,0.49269894852297053,27.738175435256828,28.160255680657446,6.0,2.5839246977835226,2.2360679774997898,13.868595135574575,13.553301944128377,3.7163029149057176,82.52200000000002,0.85031847133757965,1,9.5058826375752687,37.372549870982766,0.090196080505847931,0.05098038911819458,1.1188130420840658,0.19215686619281769,0.24705882370471954,0.10680767008511538,0.13997209689506654,0.14509804546833038,0.027450980618596077,0.027450980618596077,0.051979043433453401,0.058605661120812176,0.19215686619281769,110.96778591592661,137.07187828221788,109.85767790262172,136.93258426966293,115.0,139.0,22,22,0.044617638939030348,2.8156682027649769,0.67361775338592078,1.2975285047590221,0.8401537514069104,3.3140045405645249,4.6196628963440629,-0.33646102726630828,0.86275733598090099,0.43824884792626728,10.11520737327189,2.5452603243913265,13.77013739939264,4.6382807024995216
1,23,604,142.0,133.0,1.030993930685369,0.49978916416997693,1.0,0.69585253456221197,0.69062530779425479,30.126381262874879,31.622776601683793,12.206555615733702,4.5790720510484313,4.0,25.564004721645492,26.093877634593994,-26.694516898048846,104.83400000000005,0.90082028337061892,1,3.5058824634179473,62.925491727888584,0.039215687662363052,0.054901964962482452,1.501476224739934,0.066666670143604279,0.27450981736183167,0.030753354942262695,0.10418127769517978,0.08235294371843338,0.0078431377187371254,0.0078431377187371254,0.017434247859343461,0.076220020330780652,0.17254902422428131,140.8686900190568,134.21899538764984,141.59933774834437,132.90728476821192,143.0,136.0,23,23,0.05063079074646,2.3015267175572518,0.77107170369089351,1.345487374229372,1.0508857292698561,3.3737650317442305,1.636145305263873,-0.30206376066279145,0.83688826690113205,0.55565783565334526,7.4389312977099253,2.6024131754861748,17.780621758638773,4.9288211642678164
1,24,1080,82.0,142.0,1.066918330271357,0.56186186269525407,1.0,0.58536585365853655,0.68252957522967006,41.737166870608583,44.407206622349037,14.866068747318506,5.6144889778520906,5.0,35.123467769650546,34.526281311949163,24.072545362870159,141.012,0.88925483738163857,1,5.705882566049695,126.34902305155993,0.043137256056070328,0.062745098024606705,0.60084540953753807,0.078431375324726105,0.3803921639919281,0.033762618734021865,0.11698983615885178,0.10196078568696976,0.011764706112444401,0.011764706112444401,0.01470483826425747,0.081756380125646358,0.17254902422428131,79.043049139013306,139.83255222163271,79.034259259259258,140.43333333333334,78.0,139.0,24,24,0.070425512441106841,1.1012526096033401,0.8272040544124265,1.0382792437417436,0.50619658212786722,3.0814680535132135,1.3813414804041091,-0.3180267612881299,0.82976745346275749,0.64728601252609608,6.0615866388308968,2.4107642633941873,11.644432555646114,3.196491690674292
1,25,509,162.0,144.0,1.0575549913429105,0.6046934837251623,1.0,0.61177884615384615,0.5335544357763784,28.992678981293835,31.304951684997057,10.63014581273465,4.0433431383052492,3.6055512754639891,22.946425899003565,23.091459215100183,-71.817535522490047,109.49000000000004,0.88138528138528138,1,2.2705883188173175,33.494118678383529,0.019607843831181526,0.031372549943625927,0.79271533199805033,0.043137256056070328,0.25490197539329529,0.01940673776766938,0.065803769505665091,0.043137256056070328,0.0039215688593685627,0.0039215688593685627,0.010518252271872384,0.053001097794024142,0.10980392247438431,161.34469030993603,144.09085587476775,162.12966601178783,143.9803536345776,165.0,141.0,25,25,0.08293075684380033,1.8743961352657008,0.67273357516538668,1.2726606096450825,0.968680716002707,2.9934688498854594,2.0379954898928485,-0.24459599731896017,0.75611422071280998,0.61146741862854392,5.6618357487922699,2.2743399960999584,9.508833345002218,2.7148824943405909
1,26,655,122.0,152.0,1.3020887008099788,0.65261552626827002,1.0,0.53513071895424835,0.50666040394202339,37.157825952080756,38.288379438153292,10.295630140987001,3.8083083502586312,3.1622776601683795,28.354981052630762,28.154084671803261,51.669984586612472,127.45800000000006,0.77929803688280785,1,12.745098456740379,89.768629923462868,0.074509806931018829,0.05098038911819458,2.2484536876182086,0.18823529779911041,0.35294118523597717,0.086115530113110669,0.13705134339459979,0.14509804546833038,0.015686275437474251,0.015686275437474251,0.055936723322930433,0.075135705023207849,0.18431372940540314,118.85422219549329,151.66869075650283,119.52824427480915,153.81374045801527,119.0,147.0,26,26,0.057501731578666948,1.1624087591240877,0.8071578765820967,1.0683727562085361,0.54955977942351741,3.1474802870037992,2.2852810164860222,-0.29968329516152825,0.82019921162318454,0.6465328467153284,7.3266423357664232,2.4666899495306387,10.803888726090895,2.9045600458202356
1,27,239,100.0,155.0,1.4074372570183609,0.87833931484652006,1.0,0.57451923076923073,0.52657568309284253,26.453629524208971,25.96150997149434,6.0,2.5386247722849165,2.2360679774997898,12.432537954898832,12.645832363088513,11.393150200351474,75.52200000000002,0.85357142857142876,1,8.2745100818574429,30.819608684629202,0.08235294371843338,0.039215683937072754,1.4046629473737824,0.18039216101169586,0.23529411852359772,0.10215444545503016,0.12895233759259081,0.13725490868091583,0.031372550874948502,0.031372550874948502,0.047925932401296271,0.05228255575479529,0.16862745583057404,103.43135256882215,156.78801374902588,102.10041841004184,156.33891213389123,108.0,157.0,27,27,0.044106706344988839,1.829896907216495,0.80466254006733418,1.0925393651134383,0.53217663938782012,3.2613483179350662,5.5265641587248133,-0.36036789047355866,0.87504639192576139,0.49948453608247423,9.2422680412371108,2.6023213638087972,14.101100010628119,4.4936762674035498
1,28,534,143.0,156.0,1.1368581083955076,0.54622934597298889,1.0,0.66253101736972708,0.57450339009639817,30.168456811090881,32.649655434629018,10.295630140987001,3.8472668616513461,3.1622776601683795,24.287611520989369,25.270175280658567,-19.823231694938247,108.07600000000005,0.86547811993516999,1,7.6313727991655469,57.709805662743747,0.050980392843484879,0.047058828175067902,1.1554461041380333,0.16862745583057404,0.26274511218070984,0.063594773326379556,0.10807079712124297,0.11764705926179886,0.011764706112444401,0.011764706112444401,0.044853511124114377,0.058702896269229379,0.15686275064945221,141.4245718827575,158.30368306596358,142.57677902621722,158.21722846441946,145.0,161.0,28,28,0.059100004424757005,1.8603104212860311,0.72424855609127115,1.2246263662447177,0.7696520666073422,3.1778858148632017,3.3591567320248479,-0.2869203431595081,0.81051846983654818,0.55723229424807619,7.6917960088691792,2.4463142005314675,11.06909012246744,2.8815197565400368
1,29,1350,58.0,165.0,1.0307939525195273,0.55637289991286099,1.0,0.6696428571428571,0.67945937035772919,45.773283373986295,49.396356140913873,18.357559750685819,6.6215013252703772,5.8309518948453007,37.83059404970858,38.034519162345731,70.048106031259707,158.01199999999994,0.9030100334448159,1,2.8117648274637759,131.83137643011287,0.015686275437474251,0.039215686731040478,2.6068936682787158,0.039215687662363052,0.38823530077934265,0.015449257293757011,0.097652871429713239,0.047058824449777603,0.0039215688593685627,0.0039215688593685627,0.011077903265485148,0.10123657388072782,0.16470588743686676,59.216676077658441,164.11428740996945,57.216296296296299,165.78592592592594,57.0,165.0,29,29,0.15798411503182552,1.3040596520298262,0.85028241018605832,1.1299679430191989,0.7676581443924525,2.7951110522418454,1.301293477841585,-0.34282959179046602,0.82789500316905629,0.68800473857250499,5.4647887323943669,2.2067664709230179,16.116200100353574,4.3550649380958504
1,30,947,173.0,168.0,1.0478627453058507,0.62393782086949179,1.0,0.65220385674931125,0.67476199237057788,39.614667753687812,43.56604182158393,14.866068747318506,5.5837778177215833,5.0,30.87244227960743,30.957832437581505,87.327217867543169,132.80200000000005,0.90970220941402502,1,1.4431373146362603,60.556864568963647,0.0078431377187371254,0.019607843365520239,4.0444634903937784,0.031372550874948502,0.37647059559822083,0.009557200759180531,0.0639460027127388,0.023529412224888802,0.0,0.0,0.0068828602408527078,0.079167017777566143,0.10980392247438431,172.52065794154007,166.26874757603542,173.50686378035903,170.19112988384373,172.0,172.0,30,30,0.24709770498090608,1.143206854345165,0.79328871932290101,1.0746702023357615,0.73498439674661298,2.3684555802597997,2.201692177247538,-0.33401287631229798,0.78303464186492278,0.73027575779393783,4.3623011015911874,1.8765919082623486,9.9176975201089466,2.7652260936135273
1,31,616,97.0,171.0,1.2298915797256622,0.81775781053838725,1.0,0.57037037037037042,0.61472518768700879,38.085280382906006,40.024992192379003,10.04987562112089,4.0266545534280143,3.6055512754639891,23.711791509790515,21.920458260598053,11.302124649573829,112.21600000000005,0.88252148997134683,1,7.9058826081454754,74.243139339610934,0.039215687662363052,0.074509803205728531,1.1133919129308911,0.16862745583057404,0.29803922772407532,0.06081448160111904,0.12052457685001775,0.11372549086809158,0.015686275437474251,0.015686275437474251,0.046986487410835741,0.081761239236174343,0.18431372940540314,96.460067603622818,168.86366997486408,97.300324675324674,169.59415584415584,92.0,169.0,31,31,0.057235694544143088,1.9776536312849164,0.80953084657643881,1.2803725923207536,0.87456696108111476,3.369892141294899,1.8007623512201427,-0.3026824975055446,0.83751875845594626,0.56680906999671377,7.5865921787709496,2.5879612937304337,18.767641459380172,5.1073104251843979
1,32,428,151.0,174.0,1.4554818048063616,0.86189050023904101,1.0,0.56613756613756616,0.48174362834275314,35.547494122298822,37.696153649941529,7.2801098892805181,3.0782165351891879,2.8284271247461903,19.619246328501578,18.025936433232783,6.3024420214428716,105.66200000000003,0.77256317689530685,1,7.7372551495209336,44.83921700483188,0.023529412224888802,0.066666670143604279,3.1762110222665445,0.17254902422428131,0.30980393290519714,0.06501895083631036,0.10476452571222401,0.10980392247438431,0.0039215688593685627,0.0039215688593685627,0.055984655573887807,0.078403704638584204,0.16470588743686676,143.14124540827922,174.89321322413693,146.28504672897196,175.34579439252337,142.0,175.0,32,32,0.063154136084110316,1.7380281690140842,0.78396561657771868,1.1741696126996715,0.66927990478079746,3.1805275312510828,3.5906378531677676,-0.30851100204445048,0.83344923855034592,0.55352112676056331,6.9549295774647888,2.483103496244178,14.031771473913906,3.6945526681214043
1,33,461,84.0,186.0,1.1029822448663105,0.66847456770240377,1.0,0.53110599078341014,0.68378539731030463,28.907956721516154,31.32091952673165,9.4339811320566032,3.7338391393978241,3.1622776601683795,20.23535639820313,21.499859233284855,56.979893828951617,92.044000000000054,0.8916827852998066,1,4.0980393262580037,30.325491170398891,0.027450980618596077,0.035294117406010628,2.101182591786511,0.12549020349979401,0.16470588743686676,0.036589636841589321,0.065781976508457463,0.050980392843484879,0.0078431377187371254,0.0078431377187371254,0.031679124020277602,0.045494002820800808,0.10588235408067703,83.14289408811814,181.52696237146196,82.344902386117141,183.47071583514099,81.0,179.0,33,33,0.054322476587644664,2.2938005390835579,0.79936202006690016,1.3445060554609412,1.0425381971941503,3.3800355478752384,2.4416774009845623,-0.29721639211521705,0.83608015420406734,0.55669890597748539,7.6307277628032342,2.5965226148511049,19.709999200819524,5.6196336847305659
1,34,388,143.0,189.0,1.3224396179840356,0.85067200747504623,1.0,0.59876543209876543,0.52898680409391441,32.028964898474442,35.227829907617071,8.0622577482985491,3.2715374183269033,3.0,16.832170128046833,16.83752466419573,-2.0474214668091952,96.006000000000029,0.87584650112866813,1,4.1490197381936014,22.552941818255931,0.0078431377187371254,0.015686274971812963,5.2349591661046819,0.17254902422428131,0.23529411852359772,0.039514473697081914,0.05812613870684518,0.019607843831181526,0.0039215688593685627,0.0039215688593685627,0.052120262099914764,0.066423274908216201,0.11372549086809158,142.55572944054333,185.80142584907946,146.6778350515464,189.02835051546393,144.0,185.0,34,34,0.28160568085358834,1.4984894259818733,0.85425856166041159,1.0761791713613533,1.0959739323299349,2.3622541270727004,4.2829068333692648,-0.42957814127671734,0.86475378002440906,0.76007983486213448,5.3051359516616321,1.920096871541662,18.526227398435577,5.0247076970819906
2,1,295,32.0,25.0,1.4994869965644781,0.9109877945058108,1.0,0.6385281385281385,0.51094835227798319,31.06413555792486,32.140317359976393,6.0827625302982193,2.6967287237230892,2.2360679774997898,12.528993402331876,12.811884365828194,87.747875770059665,85.178000000000026,0.85383502170767001,1,10.403921853750944,37.686275381594896,0.043137256056070328,0.058823525905609131,3.1765900114521393,0.20392157137393951,0.26666668057441711,0.10951496688158889,0.12775008603930474,0.14509804546833038,0.015686275437474251,0.015686275437474251,0.066288596479047973,0.073322486982382126,0.18823529779911041,31.344849119049574,16.730385031787307,31.820338983050849,19.871186440677967,30.0,15.0,1,1,0.091111606148362653,0.73631840796019898,0.93319364915537006,0.92454034419187603,0.42583104378604486,2.8160104446592702,3.4768536804595311,-0.51322524681588655,0.92651057410835314,0.73930348258706458,8.3582089552238799,2.3883137317455723,20.249795797133732,5.303235068438898
2,2,977,95.0,18.0,1.1131571946980165,0.57260634060337257,1.0,0.6121553884711779,0.50532200652061021,40.698574651881216,43.657759905886145,12.727922061357855,4.8538435748570619,4.4721359549995796,33.108837520384483,33.365931067914993,-27.160951250393889,155.87199999999996,0.87310098302055406,1,5.9568629395216703,48.352942609228194,0.0078431377187371254,0.0039215683937072754,8.1079896894307186,0.10196078568696976,0.40392157435417175,0.034835455786676434,0.049491241155811869,0.011764706112444401,0.0078431377187371254,0.0078431377187371254,0.034305172338318868,0.066151742661882201,0.078431375324726105,98.462124889009573,25.374128119448354,93.78915046059366,18.748208802456499,101.0,27.0,2,2,0.43883720930232561,0.66511627906976745,0.7893621269809058,0.69558742738413504,0.56800432666306122,1.5364943845154684,0.41333569456663544,-0.50075457587275751,0.81049852375229936,0.87710407239818988,3.2511627906976739,1.3440306748770328,5.6252893455922131,1.5611614386154677
2,3,1062,164.0,24.0,1.1252477930887554,0.44488702945070291,1.0,0.56309650053022264,0.44851433010035785,41.09039094447909,45.891175622335062,14.142135623730951,5.1220007111971055,4.4721359549995796,36.742054912889536,36.800007485666022,88.025771512009612,172.49599999999984,0.80945121951219512,1,8.6745100906118751,105.15294399578124,0.019607843831181526,0.043137255124747753,4.6045606845666729,0.18431372940540314,0.44705882668495178,0.044713969539236467,0.099014071559116054,0.054901961237192154,0.0078431377187371254,0.0078431377187371254,0.044610384051281309,0.09533696248027386,0.17254902422428131,167.80842097973533,26.136756929211096,165.07250470809794,22.433145009416197,171.0,30.0,3,3,0.1732172388604821,1.2962162162162163,0.77913745202494133,1.1239445051843309,0.78865624543462376,2.6713146497282354,1.3667946854604809,-0.28800952055061957,0.77194637581552072,0.70185691573926867,4.9178378378378378,2.0607633057415251,10.417033162892622,2.924206281957634
2,4,636,56.0,35.0,1.0707599611226248,0.52906496072089704,1.0,0.55448997384481258,0.53747757896771031,31.774567473471336,36.0,12.0,4.4481041573564202,4.0,28.284271247461902,26.96330460910352,7.6169622304205955,121.94200000000006,0.8833333333333333,1,3.827451097778976,70.886276546865702,0.031372550874948502,0.062745099887251854,0.3049188658404679,0.08235294371843338,0.43529412150382996,0.028143022777786589,0.11145640966488318,0.090196080505847931,0.0078431377187371254,0.0078431377187371254,0.016500511184245129,0.089080519910345768,0.16862745583057404,53.550951535788343,35.248893557598187,53.85377358490566,35.284591194968556,56.0,34.0,4,4,0.084878377240972996,1.4440366972477066,0.7354315219327614,1.1765227690763225,0.75315545829475639,2.9845578139744546,3.518138301372657,-0.25627600700023717,0.76557115874961235,0.64542903399892071,5.4587155963302756,2.2992434150448315,9.4666442218668472,2.6982038548943694
2,5,703,15.0,39.0,1.0517403976027355,0.35074765123782986,1.0,0.64613970588235292,0.69091451198327536,31.690622905292138,34.928498393145958,12.369316876852981,4.6965480227137775,4.1231056256176606,28.174456516497351,29.677318042454502,-87.059073698390023,113.07600000000005,0.90476190476190477,1,3.3411765890195966,75.66274718940258,0.027450980618596077,0.050980394706130028,0.56727558398592537,0.070588238537311554,0.34509804844856262,0.026308477078894461,0.10762837438037351,0.070588238537311554,0.011764706112444401,0.011764706112444401,0.011698752572201777,0.08946656993807342,0.18431372940540314,14.227428209083369,39.195190214986724,14.514935988620199,39.684210526315788,13.0,40.0,5,5,0.097530589176835561,2.2951907131011611,0.74437247320873345,1.3540678750741866,1.2985047124796141,3.1570362450517515,2.4003784032707571,-0.25567920893945295,0.77975441491761732,0.62073323407827374,6.2951907131011602,2.3815991924302047,15.647522476066323,4.4313149564504739
2,6,551,191.0,39.0,1.0907541103676432,0.7235194798098753,1.0,0.70370370370370372,0.70638006362275596,32.223354013879764,31.89043743820395,10.63014581273465,4.6088486791844625,4.2426406871192848,22.2784171083239,22.243909000323132,-45.496922060625558,99.006000000000043,0.91604322527015791,1,5.6509805861860514,54.886275893077254,0.027450980618596077,0.058823533356189728,1.8445784757179049,0.19215686619281769,0.25882354378700256,0.050455183805232603,0.099612115958397918,0.086274512112140656,0.015686275437474251,0.015686275437474251,0.047901810550141269,0.071543845304927689,0.1617647111415863,184.15218632737103,41.823949700964583,185.91288566243193,42.373865698729581,186.0,40.0,6,6,0.082686162306777639,2.3642241379310343,0.78724789409801821,1.3447846574115232,1.1513776382282996,3.1430639240484632,3.2106287026576243,-0.29083701682701346,0.81865520690569471,0.57473377281947258,7.1961206896551717,2.4520841426346633,19.028347019916765,5.1228448275862082
2,7,238,163.0,44.0,2.3144683819897076,0.96892030072054924,1.0,0.37777777777777777,0.4351468567590886,36.377615281923219,34.669871646719429,4.4721359549995796,2.098058236604873,2.0,9.9760860558452773,8.9988434811309101,31.704755243749794,82.904000000000039,0.90666666666666662,1,7.341176706366241,22.513726135715842,0.027450980618596077,0.066666668280959129,3.6607333711829755,0.17647059261798859,0.25490197539329529,0.074153300064305469,0.094595487965192612,0.094117648899555206,0.0078431377187371254,0.0078431377187371254,0.058419664938586066,0.069895296254507661,0.15686275064945221,161.00226440646745,43.801079943595632,158.17226890756302,41.478991596638657,164.0,45.0,7,7,0.085876601928920604,2.3333333333333335,0.7799873541461364,1.3384321525377481,1.3333333333333335,3.0296394555499302,2.8298457303539841,-0.36217489746795584,0.86516517275191374,0.62418994122848082,7.3448275862068959,2.420283290068852,17.766151407055087,5.1000462412471919
2,8,885,123.0,42.0,1.0531833112809172,0.43969443018602661,1.0,0.60204081632653061,0.57751325712526003,36.254721744755592,41.303752856126764,14.142135623730951,5.1226318534315309,4.4721359549995796,32.973429588435735,32.56208520174782,-18.297372383779244,138.77000000000004,0.89123867069486395,1,2.9725491348654032,71.388237391598523,0.015686275437474251,0.027450981549918652,3.1095264226796462,0.062745101749897003,0.37647059559822083,0.018813602119401286,0.080664675018755391,0.035294119268655777,0.0078431377187371254,0.0078431377187371254,0.011662996572549322,0.082430976759572588,0.15294118225574493,123.49901120348747,44.489562735522412,123.43050847457627,41.380790960451975,128.0,48.0,8,8,0.21408078887220869,1.4236200256739409,0.76779324964588835,1.1061211988543356,0.98656155401497236,2.4764447966398828,2.8700533992646586,-0.3300597086647139,0.79150585141312235,0.7364085808169476,4.7612323491655966,1.9656835582866088,10.836443153972786,3.0709823495775659
2,9,662,37.0,52.0,1.0879414847767137,0.47254320297606811,1.0,0.59318996415770608,0.65659819514609696,32.149063714738602,35.355339059327378,12.0,4.4903829439396077,4.0,28.403954220928735,28.333211184361293,-12.34001695773742,112.56000000000004,0.91184573002754821,1,3.3098040390759706,69.486276265233755,0.023529412224888802,0.054901963099837303,0.91222946561680107,0.066666670143604279,0.42352941632270813,0.025857844055281021,0.10496416354264917,0.070588238537311554,0.011764706112444401,0.011764706112444401,0.014569939940425918,0.090199777395271394,0.18039216101169586,37.137479549032506,51.336644285490571,36.40634441087613,51.882175226586099,38.0,54.0,9,9,0.11978554844329395,1.4518388791593697,0.74797535666634385,1.1774616311904769,0.81127833616017631,2.8177419536797861,4.1867791612910823,-0.26101547005483844,0.75638038715877609,0.66268196622580056,5.2241681260945709,2.1991552248804842,10.068837968230987,2.8898880815602936
2,10,721,103.0,58.0,1.2424683425974659,0.79813359046608745,1.0,0.51684587813620075,0.53376442782866729,40.91994352381829,45.607017003965517,11.313708498984761,4.3023217012452246,3.6055512754639891,26.682446311694711,24.653468675679576,-71.82871182733372,130.28600000000006,0.88738461538461544,1,5.6431374009698629,77.019609717652202,0.027450980618596077,0.062745099887251854,1.1661960016645811,0.16862745583057404,0.45098039507865906,0.037371770867350086,0.10682331444889348,0.08235294371843338,0.0078431377187371254,0.0078431377187371254,0.034418455771044763,0.089944644729268497,0.17647059261798859,102.20570264947179,62.391853355177425,101.54230235783633,61.432732316227465,102.0,56.0,10,10,0.10995997038271088,1.9710884353741496,0.62051319794204751,1.287658931872792,1.1308106575963721,2.9057317747813447,1.6037327987058581,-0.23515777522966982,0.7345343603022032,0.6383233750880809,5.2023809523809526,2.1740211766350575,8.4097222222222214,2.6553837521403119
2,11,588,159.0,58.0,1.3416700015948417,0.78388602761578097,1.0,0.50909090909090904,0.53621601814736775,38.093989867745201,38.587562763149478,10.0,3.6971714302485839,3.1622776601683795,25.858015056750958,23.652738860722081,52.674328608451589,117.38800000000005,0.81951219512195117,1,10.129412069916725,70.121570409275591,0.078431375324726105,0.043137259781360626,1.302460205719244,0.18039216101169586,0.27058824896812439,0.075592627387438244,0.11925437144434624,0.12156862765550613,0.0078431377187371254,0.0078431377187371254,0.049609890321690525,0.059654928410686252,0.16862745583057404,157.31502712234831,56.634528264126573,156.52551020408163,55.598639455782312,157.0,60.0,11,11,0.04421658356669627,1.8264462809917354,0.70757375185240046,1.1997614492013733,0.68984358991872141,3.3316661032228194,3.3183858695456609,-0.23492551291231775,0.76955092656188773,0.54239183276616432,8.3553719008264462,2.48540902057211,10.658834779045147,3.1186565125332968
2,12,1725,72.0,62.0,1.1490613059702184,0.75988175989189866,1.0,0.58080808080808077,0.43936315465587467,59.5271983968086,65.924198895398035,18.384776310850235,6.5456702200861621,5.6568542494923806,42.364672165226146,38.696328763889554,-86.358866203600996,222.11999999999975,0.85799552350161656,1,3.850980528164655,152.13725927844644,0.015686275437474251,0.023529413156211376,2.7245615647171935,0.10588235408067703,0.5058823823928833,0.015042892688143183,0.088195512625186337,0.031372550874948502,0.0039215688593685627,0.0039215688593685627,0.014146020752143839,0.097403160061528063,0.15686275064945221,73.387266401401547,61.046655512932873,73.140289855072467,63.759999999999998,71.0,65.0,12,12,0.24959732937322984,0.76486129458388386,0.82927135425201726,0.93402600963009152,0.51021640383283107,2.2602084400851332,1.2166389055933158,-0.36282544336508438,0.79660305447607316,0.77361877379749766,4.2562747688243059,1.834809159049148,8.1945610235773891,2.2439935328392506
2,13,573,139.0,62.0,1.2145885627457857,0.82826764623515214,1.0,0.5509615384615385,0.59910874345105258,36.746574706020034,39.204591567825318,10.0,3.9949739802667272,3.6055512754639891,21.162474299366263,20.590306486615834,88.778384486571255,109.63000000000005,0.88018433179723499,1,5.8470590030774474,67.274511669762433,0.043137256056070328,0.066666670143604279,1.1070901532965369,0.12941177189350128,0.31372550129890442,0.046039834669901164,0.11740752472907928,0.10588235408067703,0.011764706112444401,0.011764706112444401,0.034498478313218492,0.080506190097882374,0.17647059261798859,140.81148353824776,63.767589629225355,139.83246073298429,64.28446771378708,142.0,66.0,13,13,0.04143582640812557,2.8684210526315788,0.69036105694845296,1.4156524718839838,1.1829793782702369,3.4855177519815181,2.5173961912480349,-0.2387543923959155,0.78521549045572192,0.50541795665634681,7.5087719298245608,2.5890873498025315,14.977993228685749,4.8963479147429982
2,14,695,120.0,75.0,1.1593988778363584,0.53310855622138686,1.0,0.54001554001553997,0.53964877603558226,34.597442600970496,39.560080889704963,11.661903789690601,4.362009335781071,4.0,29.634955512625528,29.271057226097035,40.37371365130501,127.21600000000005,0.85855466337245212,1,4.7019609306007624,70.647060624323785,0.023529412224888802,0.054901963099837303,2.6847054641252073,0.11372549086809158,0.37254902720451355,0.033112400919723679,0.10165044694147307,0.070588238537311554,0.0078431377187371254,0.0078431377187371254,0.027051677419193343,0.088981582708935678,0.17254902422428131,118.85667498543067,74.553705244861831,120.88776978417266,76.309352517985616,115.0,73.0,14,14,0.11770866177199225,1.8607382550335569,0.74744833765870089,1.2722267166839019,1.0428668753659744,2.9938269785058589,2.9373174564067122,-0.26694814667466704,0.78228572481056791,0.64108764311093569,5.7466442953020129,2.2632587714909547,12.796549141930544,3.565928899599117
2,15,684,152.0,88.0,1.0794145987465409,0.63047787091971341,1.0,0.61290322580645162,0.66772205044840338,34.272264451391756,35.128336140500593,11.704699910719626,4.5852990548599113,4.1231056256176606,27.46904935680104,26.602379243181641,-35.966869081514908,113.45800000000006,0.890625,1,6.2705884459428489,73.960786314681172,0.019607843831181526,0.078431373462080956,4.0701738452824774,0.17254902422428131,0.36862745881080627,0.047504457923809459,0.10812980455362745,0.094117648899555206,0.0039215688593685627,0.0039215688593685627,0.045889737181892133,0.08841403789059385,0.18431372940540314,156.70737008442046,83.686532344242679,153.34356725146199,85.978070175438603,156.0,92.0,15,15,0.11090888926173538,1.7048903878583472,0.76843060128954477,1.2339045668045889,0.98539737067359778,2.9762136194153808,4.0849275393797368,-0.30219819732039732,0.81352261976203943,0.65629554455067785,6.0725126475548059,2.255829565582558,12.81598980801879,3.7386655443354031
2,16,1270,40.0,79.0,1.1138089670910929,0.72233291699889102,1.0,0.70477247502774698,0.6903590331230095,49.348746440007119,52.773099207835045,16.0,6.1900618413902793,5.3851648071345037,32.475988175517713,34.126902762309562,6.9641743554406199,152.04399999999998,0.92768444119795468,1,2.8274510935880244,145.3921607634984,0.019607843831181526,0.054901964031159878,1.2760501986180415,0.035294119268655777,0.55686277151107788,0.016343647939815169,0.11448201634921133,0.066666670143604279,0.0039215688593685627,0.0039215688593685627,0.0058890645304487642,0.1154905952894541,0.1823529452085495,37.157221857256395,80.522508425840385,38.231496062992129,79.833858267716536,34.0,83.0,16,16,0.18427232035955718,0.80171673819742473,0.84719204445363117,0.95206733923247844,0.51113558916170865,2.4521298444385473,2.336884711177968,-0.39854649245333629,0.83959376249149553,0.75625347134561982,4.6334763948497866,2.0353401892182754,9.6914115198290602,2.6232820645066215
2,17,1277,179.0,96.0,1.3676137387116925,0.85554184898146401,1.0,0.60550023707918443,0.45849726893412385,59.187135569560382,56.568542494923804,12.649110640673518,4.99808909705399,4.4721359549995796,34.55778267406113,30.643172434485241,86.23664095407608,187.08199999999988,0.84151565074135082,1,11.007843485102057,162.5451025813818,0.050980392843484879,0.062745094299316406,0.52114563084126531,0.17647059261798859,0.42352941632270813,0.053436133422825521,0.12728668957038511,0.12549020349979401,0.0078431377187371254,0.0078431377187371254,0.046506868633963618,0.085371471844430696,0.17647059261798859,178.7150474057386,84.962508139373142,178.22161315583398,84.794831636648397,183.0,93.0,17,17,0.070945554405729375,1.1659111514052583,0.77973787487845325,1.0891581630769527,0.62662531676158895,3.0608570642434119,1.3502507475659689,-0.27542112977115873,0.79023910685276,0.67533464881872962,6.0308250226654581,2.3682405455197029,9.4188140972161136,2.6216113804846106
2,18,849,105.0,95.0,1.1438813305162019,0.27160772568579938,1.0,0.55855263157894741,0.49760089969297533,35.838328008103112,39.45883931389772,12.727922061357855,4.7034047933570937,4.1231056256176606,32.353720701694314,34.491095162081592,-54.812929949425865,146.42599999999996,0.86456211812627293,1,6.8941178694367409,81.588237303309143,0.015686275437474251,0.039215686731040478,4.1453213796191886,0.21568627655506134,0.48627451062202454,0.042037304081931348,0.096099219438526673,0.050980392843484879,0.0078431377187371254,0.0078431377187371254,0.05101266223952549,0.098089203826155852,0.17254902422428131,107.51848111937922,97.25541936631717,103.49234393404005,96.268551236749119,105.0,99.0,18,18,0.20888013713290232,1.1923601637107777,0.76310746783619599,1.0577707488480836,0.81546802558771925,2.4312356804888435,2.4660979185150045,-0.32113288894957548,0.78553870606675225,0.7487163025562833,4.4938608458390172,1.9400810436065472,8.7847508510317525,2.5100644159846945
2,19,578,56.0,103.0,1.1461714501051348,0.71148947749568869,1.0,0.64222222222222225,0.59053179013635293,33.630129370237064,35.805027579936315,10.04987562112089,3.949903841667139,3.6055512754639891,23.566599571949606,23.631782633334222,9.3284841344440803,110.90400000000004,0.87245283018867925,1,9.0823532389476895,43.231373769231141,0.011764706112444401,0.011764706112444401,7.5336141511573249,0.30196079611778259,0.41568627953529358,0.072658825911581515,0.074794764306628264,0.019607843831181526,0.0078431377187371254,0.0078431377187371254,0.096291980090000603,0.10076447882197763,0.10196078568696976,45.646044997742628,105.60059868874735,52.79584775086505,103.22664359861592,43.0,106.0,19,19,0.43133965921844708,0.9878787878787878,0.88062804037883768,0.93927628737276003,0.74290378532802781,1.7547924540280933,1.7734178493284158,-0.46000128983893057,0.8339431706101913,0.80039215686274512,4.0222222222222221,1.5159046705862114,12.82576879910213,3.856365676971738
2,20,608,122.0,109.0,1.4998782580433407,0.88881342446300993,1.0,0.44542124542124545,0.36161589908945513,43.813133674843243,43.908996800200299,9.2195444572928871,3.3092614572782173,3.0,20.506096654409877,20.078211479036121,-50.940987947730733,145.35599999999999,0.83003412969283275,1,8.9098041611723602,58.027452576439828,0.019607843831181526,0.066666670143604279,1.9723130716236021,0.19215686619281769,0.26274511218070984,0.054661375221916317,0.095439889105986553,0.098039217293262482,0.0039215688593685627,0.0039215688593685627,0.052046689494699989,0.07036030750122324,0.15294118225574493,119.93383794785244,109.36378996795288,118.78289473684211,110.96546052631579,116.0,106.0,20,20,0.09746143033751628,1.6893004115226338,0.81524161637887849,1.2135353770425747,0.97412741960067073,3.0220541394016376,2.7032800042104128,-0.36991114879583264,0.86493492635790392,0.65289989335740972,7.2901234567901234,2.3225653839899558,16.510478585581467,4.7042837304611425
2,21,450,48.0,122.0,2.298032293545718,0.92447323521406966,1.0,0.32894736842105265,0.36125224912175513,47.944311453960331,42.190046219457976,7.0710678118654755,2.7345018114477142,2.2360679774997898,21.127810891419486,18.278622542390298,46.176109661341009,125.11400000000005,0.70921985815602839,1,17.921569179743528,64.752943132072687,0.027450980618596077,0.094117647036910057,2.4807031645841584,0.30980393290519714,0.42352941632270813,0.12027898778351362,0.14389542918238374,0.11764705926179886,0.0078431377187371254,0.0078431377187371254,0.10722003224399444,0.11636361724390672,0.25294119119644165,41.682897275142793,113.88323641907964,43.886666666666663,115.02222222222223,42.0,114.0,21,21,0.10978245464852611,1.5803571428571426,0.84356098258914591,1.2035781789553925,0.7990274234693876,2.9487373467704581,4.6063481246342413,-0.3810332531109748,0.87212322289614919,0.62725840336134464,6.4791666666666661,2.3275577674266796,17.779327876984123,4.733622094671202
2,22,441,31.0,124.0,1.291109169872366,0.77625943366870753,1.0,0.51398601398601396,0.50259738323229153,32.241520208775334,35.805027579936315,8.5440037453175304,3.3642682484203315,3.0,22.506050141986943,20.325492429852677,74.036004190873172,105.00600000000003,0.83207547169811324,1,10.231372865848243,56.627452771179378,0.023529412224888802,0.076470589265227318,3.8875687166286648,0.29411765933036804,0.34117648005485535,0.090543122706621626,0.12840692238362672,0.092156864702701569,0.0078431377187371254,0.0078431377187371254,0.095547812671028687,0.1060404987178238,0.23137255012989044,32.279639888486805,117.57686979578394,31.34013605442177,121.34920634920636,34.0,113.0,22,22,0.12947836360700049,2.2128279883381925,0.86606408039208616,1.3199891781801447,1.2011321813190083,2.8409924053448177,7.1683643490103268,-0.44650413837916231,0.90134522126316619,0.61426988377768688,7.1574344023323615,2.3189522204951682,22.867342688845639,5.7793096413909169
2,23,1622,92.0,138.0,1.0748593208934656,0.58397013785734697,1.0,0.67358803986710969,0.58973270350818574,51.705420343795787,55.036351623268054,19.0,6.733958742360822,6.0,41.380761443908241,41.973174843721111,-86.181860797816555,185.90999999999974,0.90868347338935584,1,1.9882353912107646,81.427453514654189,0.0078431377187371254,0.0078431377187371254,1.2377600820893213,0.023529412224888802,0.40784314274787903,0.0093784688264658706,0.050201882561439079,0.015686275437474251,0.0039215688593685627,0.0039215688593685627,0.0040891384159532865,0.071022101539241045,0.058823529630899429,89.669764972620385,138.72042958647987,90.906905055487059,138.68125770653515,91.0,140.0,23,23,0.4497029307006124,0.61888352860096485,0.83403210636634961,0.74237482389528175,0.50669777396324989,1.6703402753229863,1.3759134310650907,-0.40298651793021412,0.75470108974161909,0.86004783719138922,3.4114403859407307,1.385919395004426,6.8389869673283155,1.8644676239823199
2,24,1025,59.0,140.0,1.1854175424276185,0.78752911746830223,1.0,0.57975113122171951,0.54573482498210391,47.347243616264208,51.35172830587107,13.45362404707371,5.1665737512828445,4.4721359549995796,29.566789151798137,29.17903832069938,88.404738339573754,153.62999999999997,0.84050840508405089,1,2.5725491186603904,74.141178430058062,0.015686275437474251,0.015686274506151676,1.0353812382193976,0.035294119268655777,0.50196081399917603,0.015312792372978515,0.072332857004934692,0.027450980618596077,0.0078431377187371254,0.0078431377187371254,0.007426345254042648,0.091008518141857855,0.10196078568696976,59.257431504455653,143.33148207287343,60.1609756097561,143.83707317073171,61.0,145.0,24,24,0.30971563766354626,0.90784982935153569,0.78467151940234781,0.96139007910285779,0.64576174445829304,2.0935683872123474,2.5750381366613038,-0.31460725438533804,0.7364285600991155,0.78228962364678101,3.7474402730375433,1.6716239649811184,7.5243819574679565,2.1080579467048732
2,25,914,39.0,156.0,1.3048885447435341,0.87232982490203026,1.0,0.68515742128935531,0.66779930352286965,49.499703532519362,46.173585522460783,11.401754250991379,4.815521318480199,4.4721359549995796,23.614842405595464,24.201289261440003,75.335161199728915,131.14600000000004,0.9167502507522568,1,2.7568628340959549,73.360786555334926,0.015686275437474251,0.011764706112444401,1.619790594418254,0.039215687662363052,0.38431373238563538,0.018379085560639698,0.080263442620716552,0.023529412224888802,0.0078431377187371254,0.0078431377187371254,0.0070462732001538853,0.1037654575720471,0.10196078568696976,37.2231250336812,152.62746566818635,37.445295404814004,154.23194748358861,39.0,155.0,25,25,0.30681727601232872,2.4278350515463916,0.75863064521646251,1.2165840145339175,1.7218886172813266,2.3382429243391818,2.9776592974712752,-0.28623997953909963,0.7368497547955577,0.72256347638397378,4.8350515463917523,1.8418526631441883,17.689286853013073,5.0269140583483889
2,26,903,168.0,167.0,1.0419990823851162,0.55221024425902654,1.0,0.64500000000000002,0.5345379094210817,37.605895461037441,41.43669871020132,14.142135623730951,5.1829094285646189,4.4721359549995796,31.752165280497014,31.352218995653953,-3.9368760869674393,145.69999999999996,0.89716840536512665,1,1.784313790500164,74.654904000461102,0.011764706112444401,0.015686274506151676,1.1202201202221662,0.043137256056070328,0.55294120311737061,0.011082694350932697,0.082674312292869437,0.023529412224888802,0.0039215688593685627,0.0039215688593685627,0.0047592721676347456,0.10654225297649997,0.1303921639919281,169.35688395954369,164.51688815456481,169.25359911406423,165.63233665559247,171.0,160.0,26,26,0.30880752332258782,1.1201011378002528,0.75666541207711424,1.0146197480452612,0.80785895688058296,2.142199656260483,1.0808735247915549,-0.31644578493300896,0.74367322682992976,0.77338153777508278,3.9140328697850828,1.7045522870445604,8.0861621177564942,2.3015658138891868
2,27,1042,64.0,181.0,1.0570331043000867,0.49247810417797533,1.0,0.70405405405405408,0.66996299302379136,39.950128139907967,41.868842830916641,15.132745950421556,6.0105056065619484,5.6568542494923806,35.638181771801996,34.76958864688023,-47.092339265747178,139.80200000000005,0.91846628470691938,1,2.5058824429288507,76.839217770379037,0.011764706112444401,0.019607842899858952,5.0225512932777754,0.035294119268655777,0.3333333432674408,0.016166983502766779,0.073742051603050904,0.027450980618596077,0.0039215688593685627,0.0039215688593685627,0.0082058508380665977,0.083012149016405384,0.14117647707462311,63.815964073026059,185.15305705135998,64.334932821497119,180.15738963531669,66.0,192.0,27,27,0.25652894821914601,1.4962325080731969,0.81467186022562377,1.1304469045175127,0.9976049805281556,2.4556818021557816,1.5227869727781838,-0.33095912304501585,0.78978927104549801,0.72442221237257021,4.9709364908503764,1.9398225832259726,14.65039320264043,4.03240865729438
2,28,450,153.0,185.0,1.2303032578767092,0.78120789414822966,1.0,0.57544757033248084,0.58213134976263947,31.882145881252992,34.785054261852174,9.8488578017961039,3.4898115432787393,3.0,21.162583072011618,19.903097678798641,17.251759573510366,98.560000000000045,0.8637236084452975,1,5.2862746641039848,27.937255751807243,0.011764706112444401,0.0078431377187371254,5.1691585978937784,0.29019609093666077,0.40000000596046448,0.04637083038687706,0.062082790559571652,0.015686275437474251,0.0039215688593685627,0.0039215688593685627,0.072409420871231811,0.089466630203269809,0.076470591127872467,154.99382368579217,189.20101065295165,153.19333333333333,184.35555555555555,155.0,191.0,28,28,0.42900534699476495,1.3253968253968254,0.78974254619804263,0.99282188452471021,0.97735925645978561,1.8290696565128732,1.7384782700562793,-0.3880369070008185,0.7776516235879074,0.77745098039215677,3.8439153439153442,1.489374841668802,11.004738109235465,2.8918003415357907
3,1,571,58.0,5.0,1.3720323687143112,0.71850799816351207,1.0,0.55816226783968714,0.44363110640512859,36.685157625074979,39.408120990476064,12.0,4.4333349786018754,3.6055512754639891,28.686900408262254,25.515212996307529,-44.491786243000483,127.17800000000004,0.75830013280212472,1,1.8392157563939691,33.592157711274922,0.011764706112444401,0.017647059168666601,3.4092073646772203,0.047058824449777603,0.24705882370471954,0.013725490719357978,0.058830398793826483,0.021568628028035164,0.0039215688593685627,0.0039215688593685627,0.010361659762956598,0.068291130981825252,0.098039217293262482,55.779943970792971,8.727644184269332,57.154115586690018,11.847635726795096,56.0,7.0,1,1,0.2106463174933518,2.3290322580645166,0.77712414956534293,1.312932169241136,1.4857948895826107,2.7001160198349856,2.455822145644575,-0.27959947774146021,0.77403739008264394,0.66963725950443231,5.4172043010752695,2.0814575647971436,18.471101861486876,5.1440397733842049
3,2,1169,96.0,19.0,1.0327433448796628,0.58121988928383961,1.0,0.71805896805896807,0.66527077680036206,43.002638881974754,45.694638635183452,17.0,6.2477080915173699,5.6568542494923806,34.799999999999997,34.993248837265881,-25.457911579318946,148.59799999999998,0.9244760775009887,1,1.8392157671041787,98.294120407197624,0.015686275437474251,0.027450981549918652,1.052504701398683,0.023529412224888802,0.54901963472366333,0.011013268066492088,0.084083935335498391,0.035294119268655777,0.0039215688593685627,0.0039215688593685627,0.0044585741471729464,0.098095642812650222,0.12941177189350128,95.763016157957651,17.615040895629246,95.614200171086395,18.656971770744224,96.0,19.0,2,2,0.28163201618457306,0.70454545454545459,0.81652272564862227,0.89324491197734268,0.48747417355371908,2.1002570065380746,1.0217369872829747,-0.38440118390521016,0.79492884194438251,0.79024064171122999,3.831439393939394,1.7315652637934835,6.9753752008723593,1.9199801638544534
3,3,367,139.0,27.0,1.2124698744580797,0.8170703607791191,1.0,0.64385964912280702,0.67100376651506521,29.201794640458754,29.274562336608895,7.810249675906654,3.2668769234676174,3.0,16.401679619466496,16.835943267752761,10.852610299519123,82.904000000000039,0.89950980392156865,1,2.7921569691970944,15.77647109888494,0.0078431377187371254,0.0078431377187371254,4.3794335809059746,0.15686275064945221,0.20392157137393951,0.0282036057494656,0.04298765966998621,0.015686275437474251,0.0039215688593685627,0.0039215688593685627,0.039277737129808657,0.05337541037247099,0.055882353335618973,139.32761619368051,30.080288329690273,136.12806539509538,27.08991825613079,139.0,31.0,3,3,0.31648084070229399,2.7450980392156863,0.69812900941323031,1.2896512335382582,1.8592848904267587,2.262315448100392,3.3384205778917244,-0.31989301587128605,0.76382311685294757,0.69198828852808081,4.640522875816993,1.784783164329043,15.419795805032251,4.5934149258832075
3,4,806,140.0,46.0,1.1807902507709329,0.68366669324098484,1.0,0.68421052631578949,0.31839736002227953,39.773591029838222,42.638011210655684,10.0,3.9416313282716993,3.6055512754639891,29.77005508519057,29.026543627641058,87.724005110647667,178.35599999999985,0.78062953995157369,1,3.5137256258167326,27.415687180124223,0.0039215688593685627,0.0078431372530758381,7.9142110777760006,0.14509804546833038,0.21568627655506134,0.018890997988262003,0.034014500223479183,0.011764706112444401,0.0039215688593685627,0.0039215688593685627,0.030606537076450262,0.045937181215893526,0.043137256056070328,139.10785296121637,42.218423720918523,139.4181141439206,50.126550868486355,141.0,40.0,4,4,0.34668198134815653,1.0419790104947526,0.82338820756333198,1.0067090209010252,0.72250831106186042,2.0861612262562392,1.6166407154265154,-0.35782157039532031,0.77386614110606877,0.76464414851397822,4.046476761619191,1.675273154665085,10.748964348410501,2.9143988725277539
3,5,1004,168.0,43.0,1.0534758542453686,0.43449343288250547,1.0,0.69722222222222219,0.74604141648969102,38.565694168291813,43.416586692184822,16.0,5.7804743400354184,5.0,34.435446853496764,34.7351566197963,-47.167289696939768,130.04400000000004,0.91899313501144164,1,1.6705883066169918,92.027453740593046,0.011764706112444401,0.023529413156211376,1.5153883124300407,0.019607843831181526,0.42352941632270813,0.01091887782102609,0.091660810498598658,0.031372550874948502,0.0039215688593685627,0.0039215688593685627,0.0035571038586481325,0.10603955747296885,0.15686275064945221,167.95044104281482,42.220735510168119,167.30677290836653,43.592629482071715,166.0,39.0,5,5,0.22881390634917387,1.1447963800904977,0.85326751589013561,1.0758676307950885,0.71728158719108936,2.5162362704809005,1.4374701103930505,-0.35518690074764908,0.81405306886098905,0.72153313814213471,4.9502262443438907,1.9934535802554865,14.459061034786348,3.9009643537192114
3,6,594,95.0,48.0,1.0538944324264685,0.52482066957590223,1.0,0.76645161290322583,0.65697234272629934,30.429375162110645,32.310988842807021,12.0,4.3453190213837383,4.0,24.0,25.901874239960481,-84.955931818029953,106.59200000000004,0.89390519187358919,1,1.3098039752803743,39.866667829919606,0.011764706112444401,0.015686274506151676,1.1743705036588334,0.019607843831181526,0.31372550129890442,0.011389599785046733,0.06711560240727206,0.023529412224888802,0.0039215688593685627,0.0039215688593685627,0.0036923248335519548,0.078387495037334012,0.11176470667123795,95.75290182023933,48.557643122683373,94.582491582491585,48.46127946127946,94.0,48.0,6,6,0.19880324510894987,2.2309236947791162,0.72493236294465957,1.3061453531059868,1.3288051805616037,2.6935262797617239,1.2666820472671083,-0.25184352662301318,0.7350027446152112,0.64824092751094886,4.9979919678714859,2.0648283854787111,13.989955807164403,4.0572248834696225
3,7,1073,67.0,45.0,1.0292238397779254,0.515996266368005,1.0,0.76315789473684215,0.79396393151132671,40.275702397215952,43.011626335213137,17.0,6.0912273401721455,5.0990195135927845,33.712451880050281,34.49979741706607,53.212224844690752,130.31800000000001,0.94454225352112697,1,1.6509804590605199,82.227453282102942,0.015686275437474251,0.015686274506151676,2.6040476330989821,0.023529412224888802,0.44705882668495178,0.01115527337203054,0.076633227662724082,0.027450980618596077,0.0039215688593685627,0.0039215688593685627,0.0042450779873937075,0.092927995639278782,0.12549020349979401,65.738697067557666,48.041062571344156,66.288909599254424,45.495806150978567,63.0,51.0,7,7,0.31404050368102077,0.90530697190426634,0.83435170765920474,0.97166760287926635,0.62587207004496925,2.1327520036596508,1.3747573732990019,-0.38037838888177827,0.79547157682555303,0.77277345901940386,4.1436004162330899,1.7353687573827776,10.02516456041606,2.7326178830800827
3,8,1269,34.0,53.0,1.0392619858094845,0.47581661393695535,1.0,0.67071881606765327,0.75548170566337558,43.506560902808232,46.227697325304881,17.11724276862369,6.3640544605920484,5.6568542494923806,37.372357977444025,38.265956910513943,-61.536052732371623,145.286,0.9272926561929119,1,1.3019608440808952,77.078433620277792,0.0078431377187371254,0.0078431372530758381,2.2839667370681034,0.015686275437474251,0.55686277151107788,0.007703910320005297,0.060739506398958074,0.011764706112444401,0.0039215688593685627,0.0039215688593685627,0.0027940049121434785,0.097406765844188253,0.054901961237192154,35.302416680069818,53.672347995459781,33.252167060677699,52.665878644602046,40.0,54.0,8,8,0.49743020314367697,0.73110720562390152,0.79663556540715097,0.78113176667937212,0.59747776909510408,1.5731948285363391,1.4249780265386329,-0.37320207714671999,0.71702720494787675,0.85105318122996199,3.3075571177504393,1.281403794752765,6.4590114312718327,1.7975296592239336
3,9,316,80.0,71.0,1.1313974287876642,0.63278434778797799,1.0,0.57454545454545458,0.4486826329885093,23.902832684383355,25.942243542145693,7.810249675906654,2.871851468195683,2.2360679774997898,18.521847195390954,18.508634442100757,-60.964088252499288,94.076000000000036,0.82939632545931763,1,3.4509805077686906,16.117647523991764,0.023529412224888802,0.015686275437474251,1.6235216564589081,0.090196080505847931,0.14901961386203766,0.032252154278212063,0.051005213683518243,0.035294119268655777,0.0078431377187371254,0.0078431377187371254,0.021144197439465409,0.034638563573160842,0.070588238537311554,82.536253042806905,70.18783455123193,80.920886075949369,70.025316455696199,85.0,72.0,9,9,0.066979733069698455,1.9663865546218489,0.78189839404157468,1.2505572422120306,0.82741331826848397,3.1261030220254744,2.2171714097097674,-0.32234734362191653,0.84400066176940602,0.5557093425605536,6.5462184873949569,2.4797917932405174,13.9537462043641,4.0541804957277012
3,10,498,60.0,79.0,1.2643530796632043,0.70931661315585059,1.0,0.48823529411764705,0.28145072133292082,32.754934068346024,36.674241641784498,7.6157731058639087,2.8544262891229124,2.2360679774997898,24.185017972695878,23.088626177131346,54.36466526016963,149.11399999999995,0.73235294117647054,1,5.705882559530437,32.384314677678049,0.019607843831181526,0.043137254193425179,2.9738843605777014,0.090196080505847931,0.20784313976764679,0.035440264344909544,0.06502874433268685,0.058823529630899429,0.0078431377187371254,0.0078431377187371254,0.024894008577445607,0.049490026862192914,0.10196078568696976,60.601356266658136,77.347420674166315,60.909638554216869,74.389558232931734,60.0,79.0,10,10,0.10626808849523139,1.5445292620865139,0.80807013304717557,1.1798415939044888,0.77388652564924343,3.0031004315791674,3.772186367191829,-0.34716639613216099,0.85014684638950655,0.62773536895674298,6.2010178117048342,2.3369212070243708,14.430329752863404,3.9003554571411918
3,11,1547,176.0,76.0,1.1121335693188874,0.73309955908526436,1.0,0.61904761904761907,0.63896597817056344,54.70364071619894,58.249463516842795,17.4928556845359,6.9843401175261084,6.4031242374328485,37.130695180539831,37.205113400462189,45.150744835503936,174.4259999999999,0.92745803357314149,1,1.8549020467326045,87.921571063343436,0.011764706112444401,0.015686274506151676,1.0404349620609785,0.035294119268655777,0.37647059559822083,0.0094157464301147433,0.056833594740364209,0.023529412224888802,0.0039215688593685627,0.0039215688593685627,0.0055692513286783284,0.074003608603503523,0.054901961237192154,177.221721681406,77.719491543850609,176.890756302521,78.705882352941174,177.0,83.0,11,11,0.42118566258652035,0.89492494639027875,0.81758842995587644,0.88871134246019112,0.68825429784677217,1.8289966695853388,1.4276575268580747,-0.3609107411060492,0.743716668996934,0.81551528402640538,3.7369549678341678,1.4682511414215176,8.9172261816747511,2.4530377820162572
3,12,1316,23.0,88.0,1.0330405853806932,0.4746407169457369,1.0,0.63574879227053138,0.66234706028946089,44.156652987200452,46.518813398452032,17.691806012954132,6.5458589394095608,5.8309518948453007,39.944875809648927,38.865786707804027,8.2350678951640681,158.01199999999989,0.89860020484807102,1,1.3803922333754599,76.584315889514983,0.0078431377187371254,0.011764706112444401,0.65989676877399306,0.019607843831181526,0.3490196168422699,0.0074615796398673512,0.058194768913005304,0.019607843831181526,0.0039215688593685627,0.0039215688593685627,0.0032395698198959106,0.074880991872219596,0.086274512112140656,21.901070204075044,88.514312037938268,22.056990881458965,87.873100303951361,17.0,89.0,12,12,0.32650818730249925,1.1898305084745762,0.791973882471119,1.0343631596096003,0.85382361390405048,2.1888139031640428,1.307728298873299,-0.32287711200359243,0.7546425965246949,0.76782728736866324,4.1355932203389836,1.7202805166065829,10.249411088767594,2.8598103993105433
3,13,2094,147.0,98.0,1.1942477581406896,0.79926345704169988,1.0,0.51627218934911245,0.3966333617911677,68.339483779882144,77.103826104804938,19.104973174542799,7.0511938233095952,6.324555320336759,44.776942311842731,41.070717876347835,78.036909324395594,257.57199999999966,0.85591661557326792,1,1.6117647998034954,89.109806671738625,0.0078431377187371254,0.0078431372530758381,1.6404689171315854,0.011764706112444401,0.3960784375667572,0.0057977151072068182,0.042554826490801632,0.011764706112444401,0.0039215688593685627,0.0039215688593685627,0.0020419173189141692,0.069640963266117101,0.035294119268655777,150.07234960460178,101.82203054530059,148.57211079274117,102.48567335243553,151.0,99.0,13,13,0.57423806220372298,0.52795698924731183,0.86486436496417074,0.67830152120881804,0.43924268701584002,1.3688044954822864,0.95656577514518415,-0.43802112198076426,0.73206597445613442,0.874010120177103,3.2053763440860217,1.1384024824926502,7.2857775465371724,1.9534336339461211
3,14,776,178.0,121.0,1.2278061873910744,0.74693338418088195,1.0,0.67128027681660896,0.36451665937681205,41.024663848595445,43.931765272977593,12.041594578792296,4.3189419058831913,3.6055512754639891,29.516097302997224,27.277253013557722,-39.40757481132794,163.55999999999989,0.82817502668089649,1,1.4549020305275917,41.968628670088947,0.0078431377187371254,0.011764707043766975,1.6205991919945046,0.027450980618596077,0.39215686917304993,0.0085582472383975983,0.054083284368671325,0.019607843831181526,0.0039215688593685627,0.0039215688593685627,0.004393176987129474,0.070322449758161376,0.08235294371843338,180.8002242593474,119.5674640185695,181.64046391752578,118.18170103092784,181.0,118.0,14,14,0.31667385350504051,0.94045801526717565,0.75885151449950916,0.98311413027811956,0.64836314900064096,2.0601686463616646,2.4984320387005612,-0.31395631734220808,0.73192133368507528,0.7691243825774583,3.7099236641221376,1.6461021095955231,6.8593671697453535,1.9499562962531323
3,15,768,53.0,122.0,1.0520597482036569,0.58457461626820639,1.0,0.66666666666666663,0.51129727864049734,35.240050818264272,41.109609582188931,13.416407864998739,4.9122189863604238,4.1231056256176606,29.429961629425105,28.59166114595963,-43.540842296340692,137.38800000000003,0.88022922636103151,1,1.7607843833975494,47.074511145241559,0.0078431377187371254,0.015686274971812963,5.3052604317613286,0.050980392843484879,0.36078432202339172,0.012399890023926404,0.061294936387033282,0.019607843831181526,0.0039215688593685627,0.0039215688593685627,0.010423788167929143,0.077237517513801618,0.10588235408067703,49.298733761404243,125.01032988308259,53.553385416666664,121.84114583333333,47.0,126.0,15,15,0.29918480411555209,1.2105263157894735,0.78663275345039907,1.0627130823241606,0.80973260218214704,2.2372741600260002,1.7157769789596251,-0.3204948590834748,0.76188123065214508,0.74056612118531595,4.2330827067669174,1.7770177170229735,10.130634857821244,2.8253807450958224
3,16,1105,81.0,140.0,1.0085980990341088,0.22356342911493909,1.0,0.70833333333333337,0.80142406546296696,38.150499237744896,40.26164427839479,17.691806012954132,6.2976432355637444,5.6568542494923806,36.21814250004887,37.184886559841758,85.235739668838264,131.63000000000005,0.94525235243798122,1,1.0666667227633297,80.47843340691179,0.0078431377187371254,0.011764706112444401,0.49224579196273033,0.011764706112444401,0.50196081399917603,0.0069264072906709724,0.072831161454218821,0.019607843831181526,0.0039215688593685627,0.0039215688593685627,0.0023980153020464914,0.097909775919615055,0.11372549086809158,80.546973976921819,139.83549361906168,80.948416289592757,140.12036199095022,77.0,135.0,16,16,0.36601878633526563,1.0486815415821502,0.771240272611452,0.94590249248750646,0.79562968784072352,1.9568680511887802,3.137264736641447,-0.36456824940611532,0.76293607246221418,0.80071315154240819,3.831643002028398,1.5872328420356885,8.1197289435463613,2.2921026212821283
3,17,1183,180.0,148.0,1.2972952810827327,0.83746190073500404,1.0,0.58680555555555558,0.34945386566329062,54.833288681391288,57.56735185849702,15.132745950421556,5.2095541485835124,4.4721359549995796,32.08363497217114,29.966157218650913,4.6657306442481019,206.25399999999979,0.78085808580858085,1,1.1921569281257689,44.188236691057682,0.0039215688593685627,0.0078431372530758381,6.5203322163647686,0.015686275437474251,0.3490196168422699,0.0055708267669428452,0.037352693737157806,0.011764706112444401,0.0039215688593685627,0.0039215688593685627,0.0029627762606113856,0.056888718955994226,0.043137256056070328,180.55981539072985,145.44684061615484,174.24175824175825,147.05832628909553,177.0,144.0,17,17,0.46027311861766756,0.57959961868446142,0.8122570762131619,0.74168010458016953,0.46954519307052617,1.5991898312417558,0.56134672507969152,-0.40439421249551954,0.74525904622453831,0.85736038200570241,3.2392755004766443,1.3288385157253189,5.5947968058916704,1.5435991061440331
3,18,929,48.0,149.0,1.1928142203011158,0.36298118679842156,1.0,0.50352303523035236,0.44194598800523277,38.865066635708907,47.423622805517503,13.601470508735444,4.7287864234504022,4.0,36.396286282702164,36.214331825017297,84.634390935081683,162.52799999999993,0.77773126831310158,1,2.1098040081560612,66.45490366127342,0.011764706112444401,0.023529413156211376,2.4313673054148937,0.047058824449777603,0.33725491166114807,0.011343032301914307,0.071533803725805617,0.031372550874948502,0.0039215688593685627,0.0039215688593685627,0.0091917206970785377,0.079119169799006323,0.12156862765550613,46.821727843308501,147.91177859532769,45.814854682454254,150.12486544671691,48.0,144.0,18,18,0.19177743800545394,1.3227445997458704,0.8088712416782271,1.1417367687464814,0.7473057256659601,2.5875646233703531,2.9957389116618063,-0.32870208358588188,0.79929805975488621,0.67641079303385909,4.9517153748411689,2.0453839930472295,12.518634287476448,3.4615842898175408
3,19,1890,14.0,169.0,1.1220501804834677,0.69639549362777142,1.0,0.70892723180795203,0.67066598007881617,59.661425298601294,65.192024052026483,22.0,8.9116883984947641,8.0622577482985491,42.0,42.816512104608229,-88.216649991623839,188.18399999999986,0.9312638580931264,1,1.9372549918480217,90.631375361699611,0.0039215688593685627,0.0078431372530758381,7.5315961495235104,0.043137256056070328,0.35294118523597717,0.0090104883341768447,0.04795310865698392,0.011764706112444401,0.0039215688593685627,0.0039215688593685627,0.0069585463908645234,0.076581077215397753,0.043137256056070328,16.945523778514261,160.2879581400928,17.849735449735451,167.76507936507937,20.0,156.0,19,19,0.47820083205126024,0.8616833431430253,0.85297726048106204,0.86077244152156185,0.67300330042149925,1.7145983159564173,1.8611607875565057,-0.39956283236141027,0.75841702030024527,0.82441947485744871,3.6962919364331954,1.3897623151724865,10.860086309122735,2.9304424130664417
3,20,1121,118.0,183.0,1.0315198267686041,0.59104018673835201,1.0,0.80416068866571022,0.81263323629281803,42.234243956452012,41.231056256176608,17.0,6.5779087046627103,6.0,33.0,34.067919764920752,8.6792213699318168,131.66200000000003,0.95526203664252218,1,0.97647063620388508,44.082354295998812,0.0078431377187371254,0.011764705181121826,0.7286584377235682,0.035294119268655777,0.27450981736183167,0.0067342802496819657,0.039324134073147915,0.015686275437474251,0.0039215688593685627,0.0039215688593685627,0.0052249954618468954,0.051842446159593901,0.050980392843484879,119.19891468868796,181.68330219878595,119.3907225691347,182.38626226583406,121.0,181.0,20,20,0.40632611342032782,0.83055827619980405,0.80767856984193265,0.89378453247571965,0.61865179899869627,1.835605615951035,2.3896860299486216,-0.36523413996547327,0.74810488992133239,0.80685602350636643,3.6278158667972575,1.4908000250543119,7.8066307829411912,2.1592972647852493
